﻿{"cameraMode":{"drawMode":0,"name":"Shaded","section":"Shading Mode"},"sceneLighting":true,"audioPlay":false,"sceneViewState":{"showFog":true,"showMaterialUpdate":false,"showSkybox":true,"showFlares":true,"showImageEffects":true,"showParticleSystems":true},"in2DMode":false,"pivot":{"x":-1.5504626035690308,"y":-64.29341888427735,"z":52.132347106933597},"rotation":{"x":0.423064649105072,"y":-0.004084708634763956,"z":0.0019052746938541532,"w":0.9060882925987244},"size":109.05126190185547,"orthographic":false}