﻿{"cameraMode":{"drawMode":0,"name":"Shaded","section":"Shading Mode"},"sceneLighting":true,"audioPlay":false,"sceneViewState":{"showFog":true,"showMaterialUpdate":false,"showSkybox":true,"showFlares":true,"showImageEffects":true,"showParticleSystems":true},"in2DMode":false,"pivot":{"x":1.016645908355713,"y":-64.9385986328125,"z":18.553512573242189},"rotation":{"x":0.5226187109947205,"y":0.07523511350154877,"z":-0.04637058824300766,"w":0.8479735851287842},"size":91.61605834960938,"orthographic":false}